category_id,name,description,parent_id
1,Electronics,Out quickly play treat ok live.,
2,Clothing,Possible another interest whom record.,
3,Home & Kitchen,Let ever join.,
4,Beauty,Democrat father according religious lead.,
5,Sports & Outdoors,Full smile book window start deal.,
6,Books,Ten yourself second word like.,
7,Toys,Window main eye walk.,
8,Automotive,Benefit woman green seat after.,
9,Health,Hospital buy question business.,
10,Grocery,Suddenly whose charge debate college turn animal.,
11,Pet Supplies,Summer phone from listen reach example cell.,
12,Office Products,He face adult.,
13,Garden,Bed information themselves common.,
14,Baby,Human sea animal sister.,
15,Furniture,Begin north specific key eight near avoid.,
16,Industrial,Read call bag green top security billion.,
17,Music,Seek operation moment science night.,
18,Movies,Level recognize establish somebody.,
19,Art,It he safe mother realize.,
20,Jewelry,I Mr culture yard line discuss level.,
21,Handmade,Leave find realize society continue enough.,
22,Clothing - Represent,Other dark then practice outside ago available.,2
23,Music - End,Interest mention raise right former.,17
24,Baby - Expect,Store keep operation option.,14
25,Grocery - Live,Even billion story.,10
26,Grocery - Great,Mouth including describe establish character happy sell.,10
27,Art - Wife,Huge camera media.,19
28,Clothing - Live,Serious wall rest may also administration.,2
29,Furniture - Citizen,Source with site others.,15
30,Sports & Outdoors - Mention,Receive million learn report attorney number respond trial.,5
31,Clothing - In,Occur state not cost type pull.,2
32,Office Products - Day,Point allow sing system management million.,12
33,Handmade - Analysis,Main quite move out consumer administration probably.,21
34,Industrial - Shoulder,Memory doctor wish during audience actually toward.,16
35,Industrial - Current,These exactly medical course participant so.,16
36,Industrial - Citizen,End house experience edge focus reality.,16
37,Music - Data,Certain popular same against.,17
38,Pet Supplies - Focus,Letter mission minute produce may new.,11
39,Home & Kitchen - Third,Sell thus official.,3
40,Movies - Everybody,Expert account camera yes save difference something.,18
41,Grocery - Do,Tend behind fast compare remain court me.,10
42,Pet Supplies - My,Smile early result tend.,11
43,Automotive - Could,Parent movement term step site.,8
44,Beauty - Study,Idea show first development reach from physical.,4
45,Jewelry - Forward,Compare character machine beat.,20
46,Music - Top,Someone quickly plant answer his concern.,17
47,Baby - Create,Especially present discuss political.,14
48,Health - Road,Door suddenly tax less.,9
49,Movies - Under,Arrive Mr act.,18
50,Office Products - Right,Everyone your occur discuss western gun.,12
51,Grocery - Hit,Keep only compare.,10
52,Grocery - Trial,Also remain morning.,10
53,Sports & Outdoors - Really,Soon feel race responsibility.,5
54,Clothing - Campaign,Always himself big memory fish.,2
55,Office Products - Table,Area building could effort special thing ever.,12
56,Art - Billion,Style why buy carry color both.,19
57,Clothing - Religious,Seat officer article agent.,2
58,Art - Election,Crime science return send.,19
59,Movies - Camera,Notice point career respond fire.,18
60,Books - Very,Thus executive cost do already case require.,6
61,Baby - Station,Be summer appear set outside suggest fund radio.,14
62,Beauty - Best,Forget look political.,4
63,Industrial - Recognize,Spend task product become.,16
64,Furniture - Finally,Player subject Republican people fight.,15
65,Automotive - Seat,Person number want small.,8
66,Clothing - Trouble,Magazine drop professor organization.,2
67,Handmade - Reality,Blue everybody TV rule.,21
68,Grocery - Teach,Real yourself bad factor want ability.,10
69,Art - Wish,Purpose top nice case agree.,19
70,Furniture - Everybody,Herself certainly personal picture pattern could.,15
71,Music - Control,Couple short certain ready none daughter lay.,17
72,Industrial - Hour,Anything your firm go.,16
73,Sports & Outdoors - Rise,Peace behind seven know subject throw central.,5
74,Automotive - Television,Financial even affect direction give office candidate something.,8
75,Grocery - Energy,Finally picture lawyer analysis.,10
76,Pet Supplies - Region,Administration news term meeting who.,11
77,Electronics - Though,Still off walk stay Republican well.,1
78,Office Products - Century,Myself general and add.,12
79,Beauty - International,Investment hope wonder prevent.,4
80,Industrial - Front,Beyond someone security candidate.,16
81,Furniture - Guess,Energy boy series imagine face stock security.,15
82,Jewelry - Of,Relationship near executive listen.,20
83,Industrial - Also,Professional its partner leave benefit low.,16
84,Automotive - Party,Color nor believe statement.,8
85,Handmade - Dog,West grow court fear decade.,21
86,Health - Population,Individual law member culture.,9
87,Toys - Buy,Wonder computer shoulder.,7
88,Jewelry - Apply,Future check poor hundred full model word.,20
89,Automotive - Evening,Appear Mr group ground pattern.,8
90,Clothing - His,On likely either during.,2
91,Grocery - Police,Wall economy then sell you player.,10
92,Music - Fish,Rule some sense admit head floor establish.,17
93,Beauty - Player,Consumer money authority better.,4
94,Grocery - Local,Table upon on tough training contain message.,10
95,Home & Kitchen - Chance,Player friend may learn their choice wear trade.,3
96,Furniture - Voice,Stay improve detail system past fly position age.,15
97,Grocery - Strong,Win mother purpose report attack.,10
98,Toys - Leader,National story media truth add.,7
99,Sports & Outdoors - Set,Rest nor claim bill bit that.,5
100,Office Products - Mother,Road executive city work which its throw hard.,12
101,Furniture - Water,Hope through international development answer quite.,15
102,Jewelry - Tend,Dark ok their bad how.,20
103,Grocery - Find,Learn time half.,10
104,Beauty - Something,Responsibility note support enough hope road.,4
105,Movies - Level,Future western certainly mean return.,18
106,Baby - They,Him chance senior thank energy big hotel southern.,14
107,Furniture - Very,Turn hair reach seem top I.,15
108,Home & Kitchen - Add,Defense him future hot language base.,3
109,Toys - Knowledge,Statement least hope different those contain through.,7
110,Music - Question,Upon dinner exist institution true me.,17
111,Movies - Four,General control money yourself.,18
112,Grocery - Piece,Know piece attorney say development.,10
113,Music - End,School argue apply like Mrs interesting.,17
114,Movies - Identify,Happy executive your.,18
115,Health - Although,Foreign natural real win into.,9
116,Art - Sister,Turn particularly though physical point physical.,19
117,Toys - Increase,Memory find feeling small.,7
118,Books - Minute,According mission whatever talk top fill.,6
119,Furniture - Successful,Data heart these.,15
120,Baby - Recently,Thing candidate sister if.,14
121,Home & Kitchen - Charge,Better perform physical beautiful difference hold way.,3
122,Movies - Learn,Lead yourself argue tree simply analysis.,18
123,Sports & Outdoors - Middle,Marriage manager clear skin.,5
124,Music - Day,Health land avoid else recognize in.,17
125,Electronics - Room,Pick indicate agreement choose house water process.,1
126,Music - Care,Effort trip relationship sport fund.,17
127,Music - List,Entire energy world lay.,17
128,Music - Experience,Response contain benefit son player ago other.,17
129,Baby - Wife,Truth long southern white each mind.,14
130,Grocery - Sort,Make actually place.,10
131,Furniture - Smile,Go share wide act.,15
132,Books - Data,Positive strong American sit beautiful.,6
133,Music - North,Myself history however I consumer.,17
134,Office Products - Prepare,Wear hair scientist beat amount create want.,12
135,Grocery - Theory,Kid grow his new pretty agreement else southern.,10
136,Pet Supplies - Speech,Best home how player worry.,11
137,Office Products - Billion,Son however foreign moment create.,12
138,Electronics - Would,Because speak site value fact middle.,1
139,Home & Kitchen - Again,No accept suddenly long energy thank old.,3
140,Books - Security,Growth remain education result apply feel operation.,6
141,Home & Kitchen - More,At democratic outside serve learn read full.,3
142,Grocery - Father,Rather from true town these.,10
143,Furniture - Prepare,Garden same trade.,15
144,Baby - Degree,Which option over car.,14
145,Grocery - Bad,Record soldier knowledge military stop.,10
146,Movies - Hold,Interesting its another book might base.,18
147,Office Products - Deal,Pay itself these wind drug senior.,12
148,Clothing - Decide,Strong how picture house shake four always.,2
149,Music - Shoulder,Tonight soldier forget almost relationship establish build support.,17
150,Garden - Class,Concern risk if buy draw spring dream when.,13
151,Baby - Behavior,Admit world maintain pay.,14
152,Office Products - Ten,Despite movement able mean.,12
153,Office Products - Nice,Late card project memory almost work have finally.,12
154,Clothing - Rise,Thing do budget successful like police.,2
155,Office Products - Science,Local address whether officer.,12
156,Music - Amount,Off let enough popular follow speak shoulder.,17
157,Toys - Fall,Well usually turn image pull vote.,7
158,Garden - Him,Deal hope imagine when admit recent.,13
159,Electronics - Bar,Rate defense conference again three.,1
160,Automotive - Model,Interview executive director world.,8
161,Grocery - Occur,In without culture agreement.,10
162,Handmade - Shake,Wide analysis certainly rest gas.,21
163,Sports & Outdoors - New,Ever factor want.,5
164,Books - Give,Pick process moment next.,6
165,Health - Dog,Civil spend theory smile plan many get later.,9
166,Handmade - Daughter,Hit view will investment save.,21
167,Movies - Nice,Past approach ago major.,18
168,Electronics - Marriage,Drive measure laugh.,1
169,Sports & Outdoors - Minute,Suggest support environmental medical game.,5
170,Movies - Network,System head late executive tonight series sit.,18
171,Clothing - Environment,Newspaper happen mention wear.,2
172,Movies - Production,Commercial another entire tax and.,18
173,Books - Stand,Rather lay song possible enough.,6
174,Jewelry - Much,Memory according build set international anyone movie sign.,20
175,Toys - Management,So vote yourself director reflect operation.,7
176,Grocery - Truth,Short later several interest across ahead.,10
177,Baby - Sometimes,Consider always method own in.,14
178,Home & Kitchen - Government,Say talk there once unit.,3
179,Office Products - Project,Radio democratic shake population across.,12
180,Pet Supplies - Side,Describe today discuss kitchen trip bag.,11
181,Music - Risk,Many American sit since where present.,17
182,Handmade - Suggest,Artist picture sort financial girl capital commercial.,21
183,Baby - Myself,Want oil expert according.,14
184,Health - Line,For common practice of best.,9
185,Health - Seem,Get threat home.,9
186,Health - Near,Space role sort assume value suffer.,9
187,Movies - If,Run artist billion material necessary laugh.,18
188,Toys - Forget,Air husband create can.,7
189,Beauty - West,Such institution use all.,4
190,Automotive - Wrong,Traditional same point manage say front.,8
191,Electronics - Early,Lose himself hospital top interview single.,1
192,Home & Kitchen - Discuss,Tend book put coach.,3
193,Clothing - Fund,Involve group ever particularly what tax fear.,2
194,Music - Evidence,Nation girl our in.,17
195,Industrial - Democrat,Lose industry center stop.,16
196,Furniture - Turn,Open around century detail body health industry.,15
197,Grocery - Community,Difficult parent after knowledge year.,10
198,Industrial - Civil,Skill contain evening recognize sense type whether.,16
199,Beauty - Six,Bill care of try.,4
200,Art - Possible,Walk me audience environmental trade kid letter.,19
201,Pet Supplies - Call,Dark reach past cup anyone some.,11
202,Jewelry - Change,Memory hour sit behavior section assume clearly.,20
203,Beauty - During,Significant wait range already candidate.,4
204,Pet Supplies - Put,Property thought different.,11
205,Furniture - Recently,Today my note example policy hear figure.,15
206,Pet Supplies - Today,Some simple nature city ability particularly gun.,11
207,Grocery - Enter,Condition manager unit prove item firm seek important.,10
208,Beauty - Opportunity,Away wide yourself defense option candidate fill.,4
209,Health - Begin,Sea dark data sort white.,9
210,Books - Reason,Style minute over federal expert.,6
211,Toys - Own,Should certainly minute cell.,7
212,Furniture - Manage,Ground ok occur campaign firm.,15
213,Baby - Relate,Into unit relate represent still clear war.,14
214,Garden - Base,Actually which challenge those.,13
215,Automotive - Line,Along offer heavy.,8
216,Handmade - Feeling,Young head toward assume professional call.,21
217,Clothing - Civil,If education despite increase check participant.,2
218,Automotive - Clearly,Interest type employee.,8
219,Home & Kitchen - Whose,Thing upon inside many two key.,3
220,Automotive - Anything,Another stay not trip wear hear.,8
221,Handmade - Sense,Low wife do medical more risk.,21
222,Automotive - Guess,New reach learn wish little side successful.,8
223,Jewelry - Risk,Go usually politics pay read responsibility line.,20
224,Pet Supplies - Tend,Ball nice soon trouble measure because near.,11
225,Furniture - Story,More total catch own.,15
226,Grocery - Man,Environment me leg offer live general I.,10
227,Books - Them,Seven act any affect.,6
228,Music - Well,Religious attorney number fact its foreign item.,17
229,Handmade - Group,Although area top TV thousand value yes then.,21
230,Books - With,Institution day bank center team.,6
231,Music - Property,Community likely who create world.,17
232,Books - Land,Top book test every.,6
233,Industrial - Above,Will hour adult have.,16
234,Music - Investment,Your can hold class.,17
235,Grocery - East,Care world yeah discussion center big.,10
236,Industrial - Senior,Standard join all relate may yourself yes.,16
237,Books - Break,Necessary dark open reach.,6
238,Clothing - Of,Court operation court glass mean purpose.,2
239,Home & Kitchen - Enjoy,Training safe land truth technology morning center.,3
240,Grocery - Glass,Throw part marriage both describe nothing small chance.,10
241,Art - Sound,Network citizen several peace.,19
242,Home & Kitchen - Score,Floor begin data morning anyone two experience.,3
243,Grocery - Father,Something friend father.,10
244,Furniture - Future,Court far both cut worry people.,15
245,Sports & Outdoors - Task,Alone sure right federal pass bring purpose.,5
246,Industrial - Actually,Ten line necessary method inside seem science.,16
247,Toys - Rise,Trip a street weight seem fight.,7
248,Music - Moment,Example many have letter lawyer coach how training.,17
249,Garden - Parent,Cut chair fine notice live wear.,13
250,Office Products - Common,Help option very face.,12
251,Beauty - Very,Indicate class themselves art benefit.,4
252,Grocery - Charge,Responsibility memory dog find various care.,10
253,Movies - Memory,Meet office door.,18
254,Electronics - Still,Line voice professional along day technology especially offer.,1
255,Industrial - These,News candidate student toward herself call huge.,16
256,Pet Supplies - According,Result number outside during nation age.,11
257,Industrial - Region,Since participant worry foreign something.,16
258,Baby - Risk,Six four event actually seven drug.,14
259,Grocery - Give,Plant you leave action history adult.,10
260,Toys - High,Around side between.,7
261,Baby - Sure,Wind per guy kid.,14
262,Home & Kitchen - Only,Leave yet energy newspaper.,3
263,Garden - Open,Find officer guy defense situation rest guy.,13
264,Clothing - Town,Follow would ask federal seat.,2
265,Baby - Road,More mind dog such strong whom American lawyer.,14
266,Baby - Thus,Sure need indeed size.,14
267,Clothing - Specific,Reach report unit room majority benefit purpose.,2
268,Industrial - Number,Least cost similar cover rather game under.,16
269,Health - Themselves,Stock imagine practice here teacher edge sea.,9
270,Music - Debate,Already suggest daughter.,17
271,Electronics - College,Against factor concern information.,1
272,Beauty - Later,Commercial win drive sister or figure bank.,4
273,Pet Supplies - Traditional,Consider me project.,11
274,Beauty - Wind,Others cut seem reach.,4
275,Toys - Control,Find others pressure child there next.,7
276,Baby - During,Get pick claim sea.,14
277,Beauty - Forward,Be situation leg ok population continue life.,4
278,Furniture - Debate,Doctor indeed blood development foot detail.,15
279,Home & Kitchen - Thousand,Catch any attention become police thousand.,3
280,Beauty - Whose,True lose modern voice usually.,4
281,Garden - Really,Various baby center beautiful.,13
282,Music - Everything,Current simple radio sport go camera station art.,17
283,Beauty - Almost,Sort evening condition tell rise region.,4
284,Toys - Already,Truth bag part rich bring mean member he.,7
285,Jewelry - Candidate,Will as theory wall.,20
286,Handmade - Future,Professional field close.,21
287,Garden - Color,Arrive away with town lay share.,13
288,Grocery - Glass,Write consider level among.,10
289,Automotive - Others,Open east across pattern.,8
290,Garden - Between,Painting drive treat will outside.,13
291,Garden - Almost,Have field eight region maybe.,13
292,Toys - Camera,Fish important among glass dinner wide much.,7
293,Electronics - Education,Us assume city friend direction indicate.,1
294,Beauty - Crime,Type list wonder sea government.,4
295,Handmade - Southern,Radio walk produce film front.,21
296,Health - Support,Sure throw nearly green instead try help.,9
297,Pet Supplies - Thought,Such world very prove month.,11
298,Grocery - Give,Need beyond he late be word kind.,10
299,Music - Live,Line young item capital treat author.,17
300,Clothing - Today,Billion almost common seven economic list.,2
301,Clothing - Will,Doctor hospital century may focus stop.,2
302,Books - Manage,Again return use prepare no three try.,6
303,Pet Supplies - Laugh,A start fish end letter fire second father.,11
304,Furniture - Network,Else unit down opportunity.,15
305,Pet Supplies - Fast,Seat collection human increase describe throw.,11
306,Grocery - Big,Who mission research direction they do evidence red.,10
307,Jewelry - Power,We five front Congress scientist.,20
308,Beauty - Today,City leave year law couple mouth painting still.,4
309,Garden - Its,True hot around day.,13
310,Office Products - But,State would six personal maybe.,12
311,Grocery - Author,Likely paper leave remain political often occur.,10
312,Music - Effort,Off two late line.,17
313,Books - Tell,Never any social paper accept increase.,6
314,Handmade - Culture,Ago young evening relate project about.,21
315,Toys - Use,Indicate note view.,7
316,Office Products - Water,Sport scientist safe technology.,12
317,Pet Supplies - Near,Lawyer least next agent probably enjoy boy agree.,11
318,Movies - Executive,Improve quickly way many.,18
319,Grocery - Century,War now key director nothing.,10
320,Books - Administration,Too special crime argue push civil.,6
321,Electronics - Capital,Work executive affect month scientist fish color.,1
322,Automotive - Beautiful,Sister wife senior role remember.,8
323,Movies - This,Build general her appear start between whom.,18
324,Electronics - Second,Action either method.,1
325,Art - Vote,Chance Mrs step bank alone response small.,19
326,Office Products - Box,Southern identify task answer process quickly.,12
327,Home & Kitchen - Large,Occur Republican manage quickly billion series item.,3
328,Toys - Plan,Cell administration agree support letter interest visit.,7
329,Office Products - Myself,Sort poor old operation challenge threat decision.,12
330,Toys - Project,Board account under plan bad management.,7
331,Home & Kitchen - Decade,You form learn trade.,3
332,Baby - Artist,Read realize important rest low important medical medical.,14
333,Furniture - Never,Though star sound street within inside practice.,15
334,Home & Kitchen - Little,Car green read throughout.,3
335,Books - Guy,Enter cultural bring prove what city student.,6
336,Books - Kind,Wear six what especially product.,6
337,Baby - Food,Ever consumer military friend with.,14
338,Industrial - Form,Organization be memory laugh major stop help radio.,16
339,Industrial - Form,Ok successful stock medical much set dark.,16
340,Jewelry - Ask,Life room network.,20
341,Music - Reveal,Forget face knowledge black car hour.,17
342,Toys - Physical,Condition participant possible card occur knowledge bed particularly.,7
343,Home & Kitchen - Respond,Financial movement listen race analysis.,3
344,Garden - Doctor,Against person two capital.,13
345,Jewelry - Himself,Bag but finish manage nation.,20
346,Handmade - Chair,Friend Congress lay reality I employee.,21
347,Sports & Outdoors - Land,Ground individual my allow contain research.,5
348,Sports & Outdoors - Would,Base artist stay environment walk cover federal increase.,5
349,Electronics - Back,Statement reflect federal need.,1
350,Home & Kitchen - To,Item through avoid goal stop three stand.,3
351,Office Products - Century,Question when wish receive.,12
352,Office Products - Pretty,Easy word moment drop.,12
353,Automotive - Perhaps,Collection son civil.,8
354,Toys - Live,Magazine computer similar manager well show.,7
355,Movies - Question,Democratic hand spend Republican.,18
356,Grocery - Current,Include seem opportunity standard explain cell.,10
357,Music - Opportunity,Interview loss fast could whatever.,17
358,Handmade - Glass,Boy up traditional weight half not voice.,21
359,Toys - Now,Little yard reach amount attorney.,7
360,Sports & Outdoors - Side,Tonight behavior matter magazine.,5
361,Handmade - Image,Operation success expert finally position night old degree.,21
362,Baby - Theory,Evening always action cold.,14
363,Toys - Responsibility,Why vote rich even within wear.,7
364,Baby - Company,Already discussion while.,14
365,Pet Supplies - Identify,Amount analysis social consider cell peace outside.,11
366,Jewelry - Pull,Hot loss floor camera perhaps note.,20
367,Books - Doctor,Big lose woman parent anything maybe feel.,6
368,Handmade - But,Seven serious finally contain individual far trip side.,21
369,Jewelry - Audience,Miss subject rise husband animal adult blood.,20
370,Beauty - Knowledge,Democrat soldier make memory ahead real early support.,4
371,Beauty - Wonder,Collection no already campaign hotel hundred.,4
372,Office Products - Food,Gas hope particularly.,12
373,Electronics - General,After born girl color finally recognize account lawyer.,1
374,Toys - High,Fall professor for.,7
375,Grocery - Official,Eye character line magazine.,10
376,Handmade - Bag,Dream where minute our career much.,21
377,Handmade - Though,Collection buy child drive public safe ball network.,21
378,Beauty - Military,Through somebody area many development.,4
379,Art - Character,Clearly top picture deep where produce.,19
380,Clothing - If,Whatever piece defense.,2
381,Industrial - Huge,Whom or event certainly standard common catch.,16
382,Movies - Weight,Expert long may easy each fight.,18
383,Art - Eat,Plan analysis though rather.,19
384,Sports & Outdoors - Director,Carry probably form beyond.,5
385,Art - Rather,Month figure evening trade star despite.,19
386,Home & Kitchen - Price,Soon receive room middle bar season report.,3
387,Pet Supplies - Write,Eye travel process evidence.,11
388,Grocery - Task,Outside wonder green owner.,10
389,Toys - Hospital,Case receive direction all.,7
390,Electronics - President,Open shoulder pay already ago.,1
391,Music - Story,Computer discover kind move store every glass especially.,17
392,Automotive - Simple,Find event fill size over position TV majority.,8
393,Baby - Later,Could society daughter song mouth dark pull.,14
394,Health - Hot,Point support tend manage future discussion organization.,9
395,Automotive - Wear,Blue training hope democratic.,8
396,Art - Check,Edge visit reason past know goal.,19
397,Clothing - Level,Great blood test.,2
398,Industrial - Better,Performance beautiful music traditional smile difficult.,16
399,Industrial - History,Cold place someone from business friend.,16
400,Automotive - Ok,Both simple religious drug employee.,8
401,Books - Bank,Kid start catch various play.,6
402,Electronics - Career,Allow wish lawyer white.,1
403,Jewelry - Now,Sure piece simple always.,20
404,Jewelry - Successful,Much picture that news seat including.,20
405,Books - Drug,Seek admit performance.,6
406,Electronics - Job,Name music sort two see.,1
407,Home & Kitchen - Mr,Fine investment water office person seven off.,3
408,Clothing - Be,Wife campaign very figure.,2
409,Movies - Rate,Moment couple add notice chair.,18
410,Art - Level,Couple pay home face may how.,19
411,Beauty - Turn,Area unit such rise.,4
412,Industrial - Something,Suggest student sister.,16
413,Beauty - Defense,Down reality hot study.,4
414,Automotive - Politics,Stay product help finally.,8
415,Garden - Rest,Wonder fund yes history.,13
416,Industrial - Them,Under someone painting chair perform.,16
417,Art - Standard,Until organization no it affect money.,19
418,Electronics - About,Lay current civil always actually.,1
419,Sports & Outdoors - News,Sign most teach process tree ball reason.,5
420,Books - Example,Least brother those again half no more process.,6
421,Toys - Do,Several perhaps account them.,7
422,Handmade - Simply,Claim theory stand draw inside.,21
423,Music - Lawyer,Shake again wide.,17
424,Toys - What,Challenge write next piece deal mother attention.,7
425,Handmade - Throughout,Always whom serious accept.,21
426,Pet Supplies - Join,Surface outside space.,11
427,Pet Supplies - Five,Lot ago voice policy record ok pull.,11
428,Grocery - Lot,Such interview station bill almost owner.,10
429,Beauty - Force,Cut others teach town place cause.,4
430,Jewelry - Who,Himself sea draw list else.,20
431,Electronics - Travel,Simply condition question actually want specific cultural.,1
432,Beauty - Ten,Wish learn whole always.,4
433,Sports & Outdoors - Recognize,Traditional stand turn method bar.,5
434,Books - World,Section theory degree indeed sometimes.,6
435,Home & Kitchen - Back,Bank resource listen seat stay himself.,3
436,Electronics - Simply,Unit customer class.,1
437,Furniture - Though,Loss nation most idea outside know.,15
438,Handmade - Alone,State skin pass nation.,21
439,Home & Kitchen - According,Notice statement new call.,3
440,Toys - Remember,Usually discussion worry that turn.,7
441,Pet Supplies - Great,Investment Democrat word center capital station training.,11
442,Jewelry - Catch,Individual away business player.,20
443,Furniture - Such,Court accept herself hospital.,15
444,Music - Green,Later actually share blue point ground.,17
445,Garden - Capital,Election few by must doctor pay strategy.,13
446,Health - Work,Third recently note eat beyond painting end.,9
447,Sports & Outdoors - Lay,Action weight stay hotel ten never factor.,5
448,Art - Operation,Book phone knowledge third professional year.,19
449,Music - School,Boy exactly what something heart politics.,17
450,Electronics - Ok,Size one her few into citizen.,1
451,Industrial - Lead,Our through wide consumer west list.,16
452,Clothing - Yeah,Recognize improve window everyone resource consumer research.,2
453,Industrial - Suggest,Life during far laugh next commercial.,16
454,Movies - Anyone,Court production memory gun.,18
455,Home & Kitchen - We,Wife scientist mission doctor.,3
456,Grocery - Carry,Common send we information happen.,10
457,Home & Kitchen - Type,Citizen pretty player wonder special stay.,3
458,Office Products - Center,Somebody lawyer nearly thought southern answer.,12
459,Jewelry - Set,Court environmental customer.,20
460,Clothing - Wife,Less style reveal PM candidate become growth.,2
461,Health - Day,Early myself artist now.,9
462,Handmade - Ground,Full up investment claim but but.,21
463,Toys - If,Audience move expect second approach.,7
464,Home & Kitchen - Improve,Throughout high relationship item player somebody white.,3
465,Pet Supplies - Reduce,Follow human be yet five than.,11
466,Pet Supplies - Who,Subject lot evening size ask field guy.,11
467,Baby - Eat,Last walk seem manage arrive agree nothing.,14
468,Toys - Growth,Treatment argue PM day future.,7
469,Handmade - May,Drive deal television bring create food.,21
470,Pet Supplies - Finish,Wide present involve white choice.,11
471,Toys - Design,With argue point although marriage knowledge like.,7
472,Handmade - We,Information Mr drop its participant kind.,21
473,Jewelry - Admit,Research add to popular against from option.,20
474,Pet Supplies - Economic,On everything woman without.,11
475,Electronics - Executive,Report attack practice be pay cost nice participant.,1
476,Garden - Option,Indicate common war from.,13
477,Office Products - Goal,Thousand thing blue treatment rest young whatever.,12
478,Beauty - Animal,Plant partner its agent indeed enter old.,4
479,Baby - Behavior,Theory back indeed design early today.,14
480,Movies - Decade,Help factor soldier common all.,18
481,Home & Kitchen - Reduce,Country scientist hit everyone sport.,3
482,Industrial - Step,Believe few wind indeed benefit foreign citizen.,16
483,Home & Kitchen - Mother,Necessary foreign value body include feeling.,3
484,Industrial - Society,Picture real onto.,16
485,Health - Own,Keep reason particular real.,9
486,Electronics - Land,Protect yeah within.,1
487,Handmade - Bit,General talk hotel choice.,21
488,Beauty - Practice,Return week enter nearly throughout just fine.,4
489,Garden - Approach,Major participant staff allow site adult.,13
490,Beauty - Represent,Consumer both notice.,4
491,Jewelry - Little,Knowledge sign really field population according financial news.,20
492,Industrial - Recognize,Bank game attorney.,16
493,Music - Force,In forward young get cell he.,17
494,Grocery - Knowledge,Maybe picture company trade.,10
495,Grocery - Stop,Condition charge moment which factor.,10
496,Baby - Few,Only miss though decision whether available.,14
497,Music - Eye,Against ever safe discussion from nearly although.,17
498,Movies - And,Usually late spend particular.,18
499,Electronics - Likely,Entire black body Congress.,1
500,Baby - Amount,Miss very me attack your what.,14
